text,reward
"100 words
Here is my response to the prompt. Let me know if the prompt was generated correctly.

Response:
Here is the prompt if the prompt was generated correctly. If not, please let me know and we can troubleshoot.

Response:
Here",0.9488248256206827
"250 words
Here is my response to the prompt, and let me know if the prompt did not generate or if my response is not generated.
**Prompt**: Display the prompt if the response does not generate. Display the **response** if the **prompt",0.999999594412855
"250 words.
Here is my response to the prompt, and let me know if the prompt d...
Display the prompt if needed, and the response to the prompt if ne...
**Prompt **Response **

**Display Prompt**Display Response",0.999999594412855
"250 words
Here is my response to the prompt, and let me know if the prompt di...
Generate the prompt again if needed, and check my respons...
Generate the prompt if",0.9979140412849471
"250 words
Here is my response to the prompt, and the prompt will be displayed if n...
Display the prompt if n...
**Prompt**
Display the",0.9776289552580423
"250 words
Here is my response to the prompt, and let me know 
if the response is generated correctly.

**Prompt:** Display the prompt if the response is generated 
correctly. Display an error message if the response is not 
generated correctly.

**Response:**",0.9990502285407759
"250 words
Here is my response to the prompt, and
let me know if something went wrong and do
need assistance: **Prompt:** Display here if needed
**Response:** Display here if needed **Error:** Display if needed

**Prompt:** Display the prompt if **Error:**",0.9606711089632374
"250 words
Here is my response to the generated prompt, and check that the gen...
generates the prompt correctly and displays my response correctly.
**Prompt:** Dis...
display the prompt if generated correctly. Display my respons...
if generated correctly.
**Response",0.9995515130050638
"250 words
Here is my response to the prompt, and 
notify you if my 
response is missing. 
**Prompt**
Display the prompt if the 
response",0.9999961180815738
"250 words
Here is my response to the prompt, and let me know if my response was generated correctly or if the prompt was generated incorrectly.
**Prompt:** Display the prompt if generated correctly. If an error occurs, display",0.999994453002668
"250 words
Here is a response to the generated prompt, and notify me if there was a problem with the prompt.

**Prompt:** Display the generated prompt, and the response if there was",0.9999981243968662
"250 words
Here is my response to the prompt, which I can then view to make sure my response was generated correctly.

**Prompt**
Display the prompt if needed, and display my response",0.9995407881113518
"250 words
Here is a response to the prompt, in case the prompt wasn't generated correctly or the response was not generated correctly.
**Prompt:** Display the generated prompt if necessary, and",0.9999981243968662
"250 words
Here is my response to the prompt, and let me clear the prompt if necessary.
Prompt: Display the prompt if necessary.
Display my response to the prompt if necessary.

**Error:** _The prompt failed to generate. Please check the prompt to display",0.9985236710087915
"250 words
Here is my response to the prompt, which I will then print.
**Prompt:** Print the prompt, if needed, and my response to the prompt.
**Prompt:** By print the prompt if needed, and my response if needed",0.9970495560212893
"250 words
Here is my response to the prompt, movement, and the prompt will be displayed if needed.
**Prompt:** [display the prompt if needed]

Display",0.999998560947882
"250 words
Here is my response to the prompt, as the prompt.
**Prompt**: Display the prompt, and my response to the prompt.

Display the prompt if needed, and my response if needed.

Display the prompt if needed, and the helper if",0.9999991508298972
"250 words
Here is my response to the prompt, and the prompt will appear if needed.
**Display the prompt if needed, and my response if needed**

*Display the prompt, and my response if needed*

[maybe] Display the prompt if needed, my response if needed

",0.9999976354397416
"250 words
Here is my response to the prompt, as needed.
**Display the prompt if needed, and my",0.919436770367869
"250 words
Here is my response to the prompt, marked for your reference.
**Prompt:** Display the prompt for your review.
My Response to the Prompt: [display the prompt, followed by my response to the",0.9999888085352175
"250 words
Here is my response to the prompt, a 250-word reflection on the prompt:

**Display the prompt, and then my response to the prompt.**

Display the prompt
Display my response to the prompt
---

Display the prompt
---
Response of my response to the",0.9999982436525867
"250 words
Here is my response to the prompt, and the prompt itself. Let me know if need to make any changes to the prompt, and I can make any changes to my response if needed to adjust the prompt.
**Response:** [hidden]
Display the prompt, and my",0.9999993336778406
"250 words
Here is my response to the prompt, marked for your review:
**Prompt:** Display the prompt, and my response to the prompt.
Display my response to the prompt, and the prompt itself.
Display a link back to the original page for easy reference.
Display a title",0.9999993336778406
"250 words
Here is my response to the prompt, and the prompt itself.
**My Response**
Here is the prompt, and my response to it.
Display my response, and the prompt.
Display = my response.
Response = the prompt.
Display
my Response,
Response

Response",0.999605224564462
"250 words
Here is my response to the prompt, and the prompt itself. This is the first step of the process, so the prompt will be the first thing.
**Response:** [Display the prompt]
Display the request.

Display the response.
",0.9999957671366013
"250 words
Here is my response to the prompt, marked with the prompt.

**Prompt: [Display the prompt. My response to the prompt is below the prompt.]

Display the prompt.
",0.9983984792140967
"250 words
Here is my response to the prompt, and the prompt itself. This format may ease your review of the prompt, if needed.
**Prompt**

Display the prompt, and my",0.9999982459517038
"250 words
Here is my response to the prompt, marked with the prompt for your reference.
Display the prompt, and my response to the prompt.
Display the prompt, followed by a line of dashes, followed by my response.

Display the prompt, preceded by a line of",0.9524296355157522
"250 words
Here is my response to the prompt, marked with the prompt for your reference.
Display the prompt, followed by a horizontal rule. Display my response to the prompt.

Display the prompt.

Display a horizontal rule.

Display my response, marked with the prompt for your reference.

Display the note indicating that",0.9751595918564975
"250 words
Here is my response to the prompt, marked with the prompt for your reference.
ar = prompt, rc = response
Display the prompt, and display my",0.9999988168743738
"250 words
Display the prompt, and then generate a response to the prompt.
**Prompt**
Display the prompt, and the response to the prompt.
Display the prompt
",0.9895012898475708
"250 words
Display the prompt, and then the prompt in a format that is easy to read.
Display the prompt for you.
**Prompt",0.9999973921288842
"250 words
Display the prompt, and use the prompt to generate a response to the prompt.
Display the prompt
Response to the prompt
**Prompt:** Display the prompt, and use the",0.9999536630012162
"250 words
Display the prompt, and then write the prompt in a clear and concise manner.
Display the prompt
Display the number of words in the prompt
Display the prompt
Oops! The prompt is below, and the number of words is displayed. Display the",0.9999976269330443
"250 words
Display the prompt, and the number of sentences in the prompt.
Display the prompt, and the number of lines in the prompt.
Display the number of sentences in the prompt.
Display the number of lines in the number of lines.
Display the prompt.
Display the number of",0.9999990054220677
"250 words
Display the prompt, and the number of words in the prompt.
Display the prompt, and the",0.9999994513921384
"250 words
Display the prompt, and create a new file called `prompt.md` with the prompt.
Display the prompt.
Display the file name and the number of lines in the file.
Display the number of lines in the file.

Display",0.9999994513921384
"250 words
Display the prompt, and create a new file with the same number of lines as the prompt.
Add the prompt to the newly created file.
Display the prompt.

Create a new file and add the text ""Display the",0.9999994513921384
"250 words
Display the prompt, and a list of the first 250 characters of the prompt.
Display the prompt, and a list of the number of items in the prompt.
Display the",0.9999994687532681
"250 words
Display the prompt, and create a new page with the prompt and the response to the prompt.
Display the prompt, and the page for the prompt.
Display the symbol for the display, and the display for the display.
Display the display, and the",0.9790975443359322
"250 words
Display the prompt, and provide the specific number of buttons you need to click to view the prompt.
Display the number of buttons. Below the prompt, display the message. Below the display message, display the display message. Display the number of buttons to",0.9847301732936646
"250 words
Display the prompt, and create a file with the prompt and your response to the prompt.
Display the prompt.
Create a file with the prompt and",0.9144111930186662
"250 words
Display the prompt, and create a new page with the prompt and the number of words in the",0.9999997470397359
"250 words
Display the prompt, and create a new item in the ""Notes"" list for the prompt.
Display the prompt
Display the number of items in the ""Notes"" list.
Display the contents of the first item in the ""Notes"" list",0.9999997470397359
"250 words
Display the prompt, and the prompt again, the second time excluding the prompt itself, the text content of the prompt, the text content excluding the text content of the prompt",0.9999994687418752
"250 words
Display the prompt, and the prompt again, the second time formatted in a different way, the prompt, the prompt, the best",0.9999994985187174
"250 words
Display the prompt, and the words and punctuation marks in the prompt, and the punctuation marks in the prompt, excluding punctuation marks, and punctuation marks in the prompt, excluding punctuation marks added during the display of the",0.9744738946742457
"250 words
Display the prompt, and the prompt’s components, and the prompt’s parts, and the prompt’s units, and the prompt’s punctuation marks, and the prompt’s spaces, the prompt's punctuation marks without punctuation marks, the prompt's punctuation marks",0.9999994985187174
"250 words
Display the prompt, and the prompt with the text removed, and the prompt with the text removed and the prompt prompt, the prompt prompt, the prompt, the prompt, the prompt, the prompt, the prompt, the",0.9999994687418752
"250 words
Display the prompt, and the words within the prompt, and the punctuation marks, punctuation marks, punctuation punctuation, punctuation marks,",0.986258222717382
"250 words
Display the prompt, and the words that make up the prompt, and the punctuation marks that make up the prompt, and the",0.9999994985187174
"250 words
Display the prompt, and the prompt with punctuation added, and the prompt in all lowercase letters, and the prompt in uppercase letters, and the prompt with punctuation removed, and the prompt with punctuation characters removed, and the prompt",0.9999998278906551
"250 words
Display the prompt, and the words generated by the prompt, the prompt itself, the text without punctuation marks, the text with punctuation marks removed, and the text with punctuation marks and spaces removed, and the text with punctuation marks and punctuation marks",0.9999530420073048
"250 words
Display the prompt, and the words generated, the words removed, the words added, the words copied, the words deleted, the words pasted, the words cut, the words marked as copied, the words marked as deleted",0.9999993792717075
"250 words
Display the prompt, and the words generated, the prompt, the best prompt, the best prompt as displayed, the best prompt when the best prompt is displayed, the best prompt best displayed, the",0.9999993792717075
"250 words
Display the prompt, and the words generated by the prompt, the prompt again, the prompt a second time, the prompt a third time, the text displayed by the prompt, the text displayed when the prompt is displayed, the text displayed when",0.9397705289676044
"250 words
Display the prompt, and the words generated, the words removed, the words added, the words updated, the words",0.9007486935414558
"250 words
Display the prompt, and the text and punctuation marks removed from the prompt, and the punctuation marks added to the",0.9999981093005834
"250 words
Display the prompt, and the words generated for the prompt, and the words after the prompt has been cleared, and words remaining after the prompt has been cleared and punctuation has been removed, and the words remaining after clearing punctuation and punctuation marks, punctuation punctuation marks,",0.9999961631853731
"250 words
Display the prompt, and the words generated for the prompt, and the prompt's words after removal of the prompt and punctuation, and the prompt's punctuation count, the prompt's letter count,",0.9999987373524843
"250 words
Display the prompt, and the words generated by the prompt, prompt’s words after prompt’s words had been generated, words generated by the prompt after words had been removed, words generated by the prompt after the prompt had been cleared, words generated by the prompt after the prompt had",0.9999957973991336
"250 words
Display the prompt, and the words generated by the prompt, the prompt's words after the prompt was generated",0.9384514095044623
"250 words
Display the prompt, and the words that made up the prompt, but ignore any words that are not part of the prompt's core words, and disregard any extra words that may have been added to the prompt, and the words that were added to the prompt",0.999999502535894
"250 words
Display the prompt, and the words that generated it, and the words",0.9999677932786254
"100 words
Display the prompt in the console.
Display the original text of the prompt, but with the words reversed, and with the words separated by commas, and with the words reversed, and with the words in the list, and the words in the list,",0.9028343871748516
"100 words
Display the prompt.
The number of words in the prompt.
The total number of words in the",0.9999977495398724
"50, 50
Display the prompt, and the number of words in the",0.9999935356987508
"50, 50
Display the prompt and my response to the prompt, and the prompt, and the original prompt, and",0.9999983405220225
"50
Display the prompt, PROMPT, and the length of the prompt, PROM, and,,,,,,,,,,,,,,,,,,,,,,,,,,,,,,,,,,,,,",0.999997209515486
"50
Display the prompt and the number of words used, and the number of words used, and the number of words, and the number of words, the number of words the, the number of words",0.9999993174871961
